"id","name","title","gender","birth_date","death_date","min_offset_to_royal","min_dist_to_royal","x","y"
"I1","Victoria  (Hanover)","Queen of England","F",1819,1901,"5.5","4",36.5229694749084,950.374624025754
"I2","Albert Augustus Charles","Prince","M",1819,1861,"5.5","4",47.3966887177566,946.274813260248
"I3","Victoria Adelaide Mary","Princess Royal","F",1840,1901,"8","4",225.15634404987,912.366017600918
"I4","Edward VII  (Wettin)","King of England","M",1841,1910,"5.5","3",-24.5329081961309,912.261734128222
"I5","Alice Maud Mary","Princess","F",1843,1878,"6","4",87.6121264771078,900.913373328865
"I6","Alfred Ernest Albert","Prince","M",1844,1900,"5.5","5",55.6921970932237,895.652326347044
"I7","Helena Augusta Victoria","Princess","F",1846,1923,"5.5","5",-34.2272943501331,908.42314212789
"I8","Louise Caroline Alberta","Princess","F",1848,1939,"5.5","5",-12.5995945230492,905.705938888698
"I9","Arthur William Patrick","Prince","M",1850,1942,"5.5","3",-26.0243988610024,884.292191332288
"I10","Leopold George Duncan","Prince","M",1853,1884,"5.5","5",32.5133486773078,881.010190088245
"I11","Beatrice Mary Victoria","Princess","F",1857,1944,"8","4",201.087793175721,864.893091798782
"I12","Alexandra of Denmark ""Alix""","Princess","F",1844,1925,"5.5","3",-32.3659426410253,900.100947019442
"I13","Albert Victor Christian","Duke","M",1864,1892,"5.5","4",-60.3159694147791,858.328938410612
"I14","George V  (Windsor)","King of England","M",1865,1936,"6","2",54.9835607755515,830.700260307722
"I15","Louise Victoria Alexandra","Princess Royal","F",1867,1931,"5.5","4",-70.7290383620706,841.535052280423
"I16","Victoria Alexandra Olga","","F",1868,1935,"5.5","4",-31.8878890971613,843.035867422029
"I17","Maude Charlotte Mary","Princess","F",1869,1938,"5","2",-94.101006439488,831.779573506705
"I18","John Alexander","","M",1871,1871,"5.5","4",-53.6166103219171,837.763478438521
"I19","George Victor of Waldeck","Prince","M",1831,1889,"9","5",249.116696401878,927.940889228357
"I20","Frederick III ","German Emperor","M",1831,1888,"8","4",261.636348965438,924.186796484414
"I21","William II ","German Emperor","M",1859,1941,"8","4",308.865810164311,857.677493694968
"I22","Louis IV of Hesse","Grand Duke","M",1837,1892,"6","4",97.5796878033218,909.782549694663
"I23","Helena Frederica of Waldeck","Princess","F",1861,1922,"6.2","6",123.824206413695,862.977354524819
"I24","Alice of Athlone","Princess","F",1883,1981,"6","5",114.335269785058,785.950340415921
"I25","Henry Maurice of Battenberg","Prince","M",1858,1896,"8","4",236.776068132232,868.088254884569
"I26","Alexander of Carisbrooke","Marquess","M",1886,1960,"8","5",256.363432302731,771.979840721081
"I27","Victoria Eugenie ""Ena""","Queen of Spain","F",1887,1969,"8","3",273.050350018039,760.975810549766
"I28","Leopold ","","M",1889,1922,"8","5",237.041716349084,775.993952154979
"I29","Maurice ","Prince","M",1891,1914,"8","5",230.143768944376,765.889936631895
"I30","Mary of Teck (May)","Queen","F",1867,1953,"6","2",84.6762423593357,823.97791757621
"I31","Edward VIII  (Windsor)","Duke of Windsor","M",1894,1972,"6","3",78.6393959863129,751.414008826473
"I32","George VI  (Windsor)","King of England","M",1895,1952,"6","1",82.1177313653542,732.911361446649
"I33","Mary  (Windsor)","Princess Royal","F",1897,1965,"6","3",53.1132615687462,729.145158255365
"I34","Henry William Frederic (Windsor)","Duke","M",1900,1974,"6","3",93.7462697447618,712.449795263585
"I35","George Edward Alexande (Windsor)","Duke of Kent","M",1902,1942,"6","3",89.7626786898865,692.090027514554
"I36","John Charles Franci (Windsor)","Prince","M",1905,1919,"6","3",103.021972724224,714.267059622525
"I37","Nicholas II Alexandrovich (Romanov)","Tsar of Russia","M",1868,1918,"5","6",-44.9310894100396,831.499468622546
"I38","Victoria Alberta of Hesse","Princess","F",1863,1950,"6","3",116.299807381425,851.323627335657
"I39","Alexandra Fedorovna ""Alix""","Tsarina","F",1872,1918,"6","5",36.0373953926164,821.329029244375
"I40","Alexander III Alexandrovich (Romanov)","Tsar of Russia","M",1845,1894,"5","6",-69.8054025585708,897.201879547344
"I41","Dagmar ""Marie"" of Denmark","Tsarina","F",1847,1928,"5","5",-93.7001130638326,894.64679874407
"I42","Nicholas I  (Romanov)","Tsar of Russia","M",1796,1855,"6","5",134.952321001426,998.601632085407
"I43","Charlotte of Prussia","Princess","F",1798,1860,"6","5",79.0002129603275,994.545215328433
"I44","Alexander II Nicholoevich (Romanov)","Tsar of Russia","M",1818,1881,"6","6",15.070389816891,943.191494698649
"I45","Marie of Hesse- Darmstadt","","F",1824,1880,"6","6",24.5222467513255,945.740206801909
"I46","Olga Nicholovna (Romanov)","Grand Duchess","F",1895,1918,"6","6",-10.1068348424548,744.019540029622
"I47","Tatiana Nicholovna","Grand Duchess","F",1897,1918,"6","6",-25.7871190777247,739.974850875025
"I48","Maria Nicholovna (Romanov)","Grand Duchess","F",1899,1918,"6","6",-3.67623289689767,734.084062658773
"I49","Anastasia Nicholovna (Romanov)","Grand Duchess","F",1901,1918,"6","6",-5.08119325123456,726.622366589189
"I50","Alexis Nicolaievich (Romanov)","Tsarevich","M",1904,1918,"6","6",-16.4980424209916,717.116092706821
"I51","Elizabeth Angela Marguerit (Bowes-Lyon)","Lady","F",1900,,"6","1",117.879960800415,729.027769095671
"I52","Elizabeth II Alexandra Mary (Windsor)","Queen of England","F",1926,,"6","0",57.7777777777778,598.417266235668
"I53","Margaret Rose (Windsor)","Princess","F",1930,,"6","2",90.6796268229846,599.874904719701
"I54","Anthony Charles Rober (Armstrong-Jones)","Earl of Snowdon","M",1930,,"6","3",61.9299577930739,575.797472463211
"I55","David Albert Charle (Armstrong-Jones)","Vicount Linley","M",1961,,"6","3",71.5979460869526,468.031857154517
"I56","Sarah Frances Elizabet (Armstrong-Jones)","Lady","F",1964,,"6","3",78.195441629314,447.219249766031
"I57","Philip  (Mountbatten)","Prince","M",1921,,"6","1",85.4618409845314,621.350214301361
"I58","Charles Philip Arthu (Windsor)","Prince","M",1948,,"6","1",42.6255150166239,504.660477655467
"I59","Anne Elizabeth Alic (Windsor)","Princess","F",1950,,"6","1",89.942637188092,501.594378406721
"I60","Andrew Albert Christia (Windsor)","Duke of York","M",1960,,"6","1",56.7552397387572,462.361444076176
"I61","Edward Anthony Richar (Windsor)","Prince","M",1964,,"6","1",92.0838217280101,454.915612205967
"I62","Mark Anthony Pete (Phillips)","Captain","M",1948,,"6","2",58.1811109503181,498.82781981614
"I63","Peter Mark Andre (Phillips)","","M",1977,,"6","2",79.0571831614177,386.608767980931
"I64","Zara Anne Elizabet (Phillips)","","F",1981,,"6","2",80.4230728776029,365.350258455107
"I65","Diana Frances (Spencer)","Lady","F",1961,1997,"6","2",36.9336436381209,452.189424931874
"I66","Marina of Greece","Princess","F",1906,1968,"6","4",81.7763226963096,675.265017942064
"I67","Edward George Nichola (Windsor)","Duke of Kent","M",1935,,"6","4",96.7875965332838,565.852431414471
"I68","Henry George Charle (Lascelles)","Viscount","M",1882,1947,"6","4",34.5273609198064,762.046768636492
"I69","Alice Christabel (Montagu-Douglas)","Lady","F",1901,,"6","4",145.465922444799,694.971808457462
"I70","Bessiewallis  (Warfield)","","F",1896,1986,"6","4",52.6389306772198,735.480147676462
"I71","Charles Haakon VII","King of Norway","M",1872,1957,"5","2",-144.668169183965,821.116387617438
"I72","Henry of Prussia","Prince","M",1862,1929,"8","5",239.06983113039,858.94165151467
"I73","Sigismund ","","M",1864,1866,"8","5",251.301362855428,858.258927471107
"I74","Victoria ","Princess","F",1866,1929,"8","5",290.505640014394,854.018498646379
"I75","Waldemar ","","M",1868,1879,"8","5",248.051616971219,847.247997857452
"I76","Sophie of Prussia","Queen of Greece","F",1870,1932,"8","3",241.911456519746,825.588438682784
"I77","Charlotte of Saxe- Meiningen","Duchess","F",1860,1919,"8","5",255.828365491345,872.93133105655
"I78","Margarete of Hesse","Princess","F",1872,1954,"8","5",272.001528735384,839.401130028227
"I79","Irene of Hesse","Princess","F",1866,1953,"6","5",170.273340962447,846.747495167906
"I80","Waldemar ","","M",1889,1945,"7","6",215.98944367561,772.38725264722
"I81","Henry ","","M",1900,1904,"7","6",206.780766140186,733.566891907063
"I82","Child #3 ","","M",1889,,"7","6",204.490343351421,772.591275484079
"I83","Ernest Louis of Hesse","Grand Duke","M",1868,1937,"6","5",75.3965748813389,831.290417426699
"I84","Elizabeth ""Ella""","Grand Duchess","F",1864,1918,"6","5",105.146983852306,859.394327214736
"I85","Mary ""May""","","F",1874,1878,"6","5",116.820222627998,825.286196645138
"I86","Frederick ","","M",1870,1873,"6","5",121.996938501478,843.399691735501
"I87","William Henry Andre (Windsor)","Prince","M",1941,1972,"6","4",110.65645642314,558.186027206396
"I88","Richard Alexander Walte (Windsor)","Prince","M",1944,,"6","4",87.2384280068798,528.398500758944
"I89","Birgitte of Denmark (von Deurs)","Duchess","F",1947,,"6","5",71.3099580339772,498.674725254334
"I90","Alexander Patrick Gregers","Earl of Ulster","M",1974,,"6","5",63.7855178604409,406.338992498481
"I91","Earl Winfield (Spencer)","Jr.","M",1896,,"6","5",-13.9402719889532,727.635665060903
"I92","Ernest  (Simpson)","","M",1896,,"6","5",-10.7652325037431,734.162255161099
"I93","Frances  (Burke Roche)","Hon.","F",1936,,"6","3",47.2875981955631,558.060330002356
"I94","Marie Alexandrovna","Grand Duchess","F",1853,1920,"5.5","6",42.0053410270135,878.515496475529
"I95","Alfred ","Prince","M",1874,1899,"5.5","6",9.33598610243038,826.341714570976
"I96","Marie of Saxe-Coburg and Gotha","Queen of Romania","F",1875,1938,"6","6",120.947138431826,800.515925271982
"I97","Victoria Melita of Edinburgh","Grand Duchess","F",1876,1936,"5.5","6",56.9262705660628,794.327995967082
"I98","Alexandra ","Princess","F",1878,1942,"5.5","6",-5.95400221813334,812.642598179311
"I99","Beatrice ","Princess","F",1884,1966,"5.5","6",36.2862928176182,791.824890745665
"I100","Louis of Battenberg","Prince","M",1854,1921,"6","3",156.432623541363,867.839572822352
"I101","Alice of Battenberg","Princess","F",1885,1969,"6","2",102.730878033275,764.917269603038
"I102","George  (Mountbatten)","Marquess","M",1892,1938,"6","4",117.501796098696,747.556374035354
"I103","Louis of Burma (Mountbatten)","Earl Mountbatten","M",1900,1979,"6","4",151.595685061653,723.942543824125
"I104","Andrew of Greece","Prince","M",1882,1944,"6","2",72.2751646420332,776.848780875823
"I105","Alexander  (Duff)","Duke of Fife","M",1849,1912,"5.5","5",-104.549781457852,882.105563513786
"I106","Alexandra  (Windsor)","Princess","F",1936,,"6","4",118.447497595809,561.429382556656
"I107","Michael  (Windsor)","Prince","M",1942,,"6","4",51.4712783694826,539.265488238673
"I108","Angus  (Ogilvy)","Hon.","M",1928,,"6","5",124.91682699811,579.953237975582
"I109","James Robert Bruc (Ogilvy)","","M",1964,,"6","5",130.559689368556,441.717384713111
"I110","Marina Victoria Alexandr (Ogilvy)","","F",1966,,"6","5",109.496571729133,427.298405020177
"I111","Katharine  (Worsley)","Duchess of Kent","F",1933,,"6","5",131.674180745161,559.216991564847
"I112","George Philip of St. Andrew (Windsor)","Earl","M",1962,,"6","5",128.501396288476,452.922306748064
"I113","Helen Marina Luc (Windsor)","Lady","F",1964,,"6","5",109.320657809787,444.87151832272
"I114","Nicholas Charles Edwar (Windsor)","Lord","M",1970,,"6","5",119.848186749141,419.686733507251
"I115","William Arthur Phili (Windsor)","Prince","M",1982,,"6","2",14.9765644025823,350.903558531122
"I116","Henry Charles Alber (Windsor)","Prince","M",1984,,"6","2",31.7442829549766,352.402192682078
"I117","(Frederick) Christian Charles","Prince","M",1831,1917,"5.5","6",-73.5561948978478,922.505036405272
"I118","Marie Louise","Princess","F",1872,1956,"5.5","6",-76.6003045137799,827.786468886099
"I119","Aribert of Anhalt","","M",1864,1933,"5.5","7",-45.8530496224358,854.373807467885
"I120","Louise Margaret of Prussia","Duchess","F",1860,1917,"5.5","3",-70.9656059835492,859.342495557929
"I121","Margaret of Sweden","Crown Princess","F",1882,1920,"5.5","2",-44.8994449994523,769.314416496844
"I122","Arthur of Connaught","Duke","M",1883,1938,"5.5","4",-70.5859968779082,792.572946334294
"I123","Patricia ","Lady Ramsay","F",1886,1974,"5.5","4",-73.8596789083713,767.472513793436
"I124","Gustav VI Adolf","King of Sweden","M",1882,1973,"5.5","2",-31.1792319560297,768.166013118474
"I125","Alexandra ","Duchess of Fife","F",1891,1959,"5.5","5",-88.8436203015038,759.588283874961
"I126","Alexander  (Ramsay)","Admiral Sir","M",1881,1972,"5.5","5",-75.7234149225191,781.004156067728
"I127","Isabella of France","","F",1292,1358,"6","21",158.356433433125,1471.14480892611
"I129","Charles Edward","Duke","M",1884,1954,"5.5","6",13.2497084565634,786.385842560749
"I130","George III  (Hanover)","King of England","M",1738,1820,"6","5",33.3381452455859,1097.83274460901
"I131","(Sophia) Charlotte","","F",1744,1818,"6","5",56.2966633477036,1088.48338777421
"I132","Adolphus of Cambridge (Hanover)","Duke","M",1774,1850,"6","4",49.4782833761805,1036.81291228781
"I133","Edward Augustus (Hanover)","Duke of Kent","M",1767,1820,"5.5","5",-8.91020015545087,1049.17037805034
"I134","Augusta of Hesse-Cassel","Princess","F",1797,1889,"6","4",26.8935280119724,1002.42449838373
"I135","Augusta Caroline","","F",1822,1916,"6","5",97.2554165674471,955.841094106005
"I136","Mary Adelaide ""Fat Mary""","","F",1833,1897,"6","3",62.9151198093061,926.222023387396
"I137","Francis ","Duke of Teck","M",1837,1900,"6","3",105.271758289407,913.450536767027
"I138","Victoria Mary Louisa","","F",1786,1861,"5.5","5",-94.2739206890928,1030.1890794168
"I139","Ernest I of Saxe-Coburg- Saalfeld","Duke","M",1784,1844,"5.5","5",-83.2974033891865,1027.82980062313
"I140","Louise of Saxe-Coburg- Altenburg","","F",1800,1831,"5.5","5",-18.7150275460359,994.767258844104
"I141","George IV  (Hanover)","King of England","M",1762,1830,"6","6",-37.8866805962408,1065.26613600236
"I142","Maria Anne (Fitzherbert)","","F",1756,1837,"6","7",-34.4987977005657,1082.26209318191
"I143","Caroline Amelia of Brunswick","","F",1768,1821,"3.66666666666667","7",-135.329573905858,1057.05783728831
"I144","Charlotte Augusta (Hanover)","Princess","F",1796,1817,"2.5","6",-221.677803171162,1008.61739342246
"I145","Claude George (Bowes-Lyon)","Earl of Strath.","M",1855,1944,"6","2",142.571739518277,867.804058584103
"I146","Cecilia Nina (Cavendish-Bentin)","Countess of S.","F",1862,1938,"6","2",129.915165448827,850.836608304703
"I147","Margarita  (Mountbatten)","","F",1905,1981,"6","3",81.3236526752457,692.214793067865
"I148","Theodora  (Mountbatten)","","F",1906,1960,"6","3",65.2056730938503,689.803072560512
"I149","Vladimir  (Romanov)","Grand Duke","M",1847,1909,"6","6",30.3111195420665,893.908648186199
"I150","Alexis  (Romanov)","Grand Duke","M",1850,1908,"6","7",-1.71648850425321,899.97473003509
"I151","Serge Alexandrovich (Romanov)","Grand Duke","M",1857,1905,"6","6",57.1564455878477,880.740407671778
"I152","Paul Alexandrovich (Romanov)","Grand Duke","M",1860,1919,"6","5",10.3885229921321,858.385222518906
"I153","George Alexandrovich (Romanov)","Grand Duke","M",1871,1899,"5","6",-121.420274499953,833.092783471449
"I154","Xenia  (Romanov)","Grand Duchess","F",1875,1960,"5","6",-98.5050703101154,808.042335331131
"I155","Michael ""Mischa"" Alexandrovic (Romanov)","Grand Duke","M",1878,1918,"5","6",-67.4590759842016,801.474077261751
"I156","Olga Alexandrovna (Romanov)","Grand Duchess","F",1882,1960,"5","6",-115.460299513997,791.475490287108
"I157","Marie  (Pavlovna)","Grand Duchess","F",1854,1920,"6","6",23.2865980283831,871.934144650844
"I158","Cyril Vladimirovitch (Romanov)","Grand Duke","M",1876,1938,"5.5","7",48.2472740140551,790.981786555337
"I159","Boris  (Romanov)","Grand Duke","M",1877,1943,"6","7",50.4800486913701,804.656304515459
"I160","Andrei (Andrew) Vladimirovic (Romanov)","Grand Duke","M",1879,1956,"6","7",-0.744108769806072,804.86605435484
"I161","Mathilde (Maria) (Krzesinska)","","F",1872,1971,"6","8",-57.6969099058024,815.956473820217
"I162","Frederick William III","King of Prussia","M",1770,1840,"6.4","6",107.91384556109,1048.71144720499
"I163","Alexandra of Greece","Princess","F",1870,1891,"6","4",34.3630160216654,831.507988969497
"I164","Dmitri Pavlovich (Romanov)","Grand Duke","M",1891,1941,"6","5",-7.92134403404342,753.117012532865
"I165","Nicholas  (Romanov)","","M",1850,1918,"6","5",160.369795709589,895.332564448947
"I166","Irina ","","F",1895,,"5","7",-102.947225472982,746.652005203914
"I167","Felix  (Yussoupov)","","M",1887,,"5","8",-142.595310387508,765.744684963821
"I168","Sarah Margaret (Ferguson)","Duchess of York","F",1959,,"6","2",81.9216619770325,457.808215135829
"I169","Ronald Ivor (Ferguson)","Major","M",1931,,"6","3",65.1123595065928,561.485770199574
"I170","Susan Mary (Wright)","","F",1937,,"6","3",103.260911000732,551.703361970599
"I171","Teackle Wallis (Warfield)","","M",1871,,"6","5",21.4425916641101,816.806540191901
"I172","Alice  (Montague)","","F",1871,,"6","5",67.5307536578731,814.734295621306
"I173","Violet Hyacinth (Bowes-Lyon)","","F",1882,1893,"6","3",132.277764355022,793.604366183357
"I174","Mary Frances (Bowes-Lyon)","","F",1883,1961,"6","3",155.845256067526,792.722464415042
"I175","Patrick  (Bowes-Lyon)","","M",1884,1949,"6","3",124.45404868552,790.835583148346
"I176","John Herbert (Bowes-Lyon)","","M",1886,1930,"6","3",170.153188043349,775.795513302752
"I177","Alexander Francis (Bowes-Lyon)","","M",1887,1911,"6","3",148.258258048119,781.016109232744
"I178","Fergus  (Bowes-Lyon)","","M",1889,1915,"6","3",139.2034706435,772.8079611401
"I179","Rose  (Bowes-Lyon)","","F",1890,1967,"6","3",153.93045962502,769.185001670273
"I180","Michael Claude (Bowes-Lyon)","","M",1893,1953,"6","3",153.901166897755,755.716976062179
"I181","David  (Bowes-Lyon)","Sir","M",1902,1961,"6","3",132.075630515194,732.347938861413
"I182","Claude  (Bowes-Lyon)","Earl","M",1824,1904,"6","3",86.5222656366285,948.534082575086
"I183","Frances Dora (Smith)","","F",1833,1922,"6","3",153.910670266695,926.999738105851
"I184","Thomas  (Lyon-Bowes)","","M",1773,1846,"6","4",-2.803047592471,1041.11228723147
"I185","Mary  (Carpenter)","","F",1773,,"6","4",36.3246763444421,1042.37322869385
"I186","Thomas George (Lyon-Bowes)","","M",1822,1865,"6","5",10.7257457867412,966.74683315405
"I187","John  (Lyon)","","M",1737,1776,"6","5",-4.87727193049731,1102.68025705875
"I188","Mary Eleanor (Bowes)","","F",1749,1800,"6","5",4.28758546863806,1088.71466752696
"I189","John Lyon (Bowes)","","M",1769,1820,"6","6",-13.9966708355807,1050.76346194236
"I190","Andrew Robinson (Stoney)","","M",1749,,"6","6",46.1447168466888,1088.8132354671
"I191","  (Elphinstone)","Lord","M",1869,1955,"6","4",183.718775515142,831.345658823115
"I192","Dorothy Beatrix (Osborne)","Lady","F",1888,1946,"6","4",126.314967131115,759.12181224086
"I193","Fenella Stuart-Forbes Trefusi (Hepburn)","Hon","F",1889,1966,"6","4",180.350629313718,748.971823535385
"I194","Christian Norah (Dawson-Damer)","Lady","F",1890,1959,"6","4",97.446949641786,757.543611655168
"I195","  (Granville)","Lord","M",1880,1953,"6","4",99.4185943772344,791.882193309607
"I196","Elizabeth  (Cator)","","F",1899,1959,"6","4",181.262853197011,727.608119013435
"I197","Rachel  (Clay)","Lady","F",1907,,"6","4",110.701033559433,675.239677754284
"I198","Jeanne d'Albret of France","","F",1528,,"4.33333333333333","14",-212.938586607458,1299.6976575133
"I199","Frederick Charles of Prussia","Prince","M",1835,,"5.5","4",-128.526949642605,917.869149481399
"I200","Maria Anna of Anhalt","","F",1835,,"5.5","4",-87.3520172224543,921.857196600501
"I201","John  (Campbell)","Duke of Argyll","M",1845,1914,"5.5","6",-63.3906275360832,911.822623720376
"I202","Frederick  (Hanover)","Duke of York","M",1763,1827,"6","6",58.9844907196659,1068.30580672543
"I203","William IV Henry (Hanover)","King of England","M",1765,1837,"6","6",70.3854484298309,1056.07551663908
"I204","Charlotte Augusta Matild (Hanover)","Princess Royal","F",1766,1828,"6","6",22.9446397633534,1065.71666559218
"I205","Ferdinand ","","M",1785,1851,"4.5","7",-203.900015089421,1026.47105577325
"I206","Mary ","","F",1799,1860,"5.5","6",-74.373345061258,994.417999471829
"I207","Charles  (Cavendish-Bentin)","Reverend","M",1817,1865,"6","3",109.263509216251,954.396516009131
"I208","Caroline Louisa (Burnaby)","","F",1832,1918,"6","3",76.0586245247314,928.368827406678
"I209","Augusta Sophia (Hanover)","","F",1768,1840,"6","6",54.6340349553808,1059.53941573943
"I210","Elizabeth  (Hanover)","","F",1770,1840,"6","6",32.7462776430171,1056.87041562776
"I211","Frederick VI of Hesse-Homburg","Landgrave","M",1769,1829,"6","7",55.6620520232941,1052.111107325
"I212","Ernest Augustus I (Hanover)","King of Hanover","M",1771,1851,"7","6",177.440616569644,1054.18133097284
"I213","Augustus Frederick (Hanover)","Duke of Sussex","M",1773,1843,"6","6",11.250758773517,1053.20090442795
"I214","Mary  (Hanover)","","F",1776,1857,"6","6",87.1215034182488,1045.55448129072
"I215","Sophia  (Hanover)","","F",1777,1848,"6","6",50.2832732910896,1047.02843277068
"I216","Octavius  (Hanover)","","M",1779,1783,"6","6",8.64866148517009,1041.80104870243
"I217","Alfred  (Hanover)","","M",1780,1783,"6","6",61.9659724318312,1041.38650771994
"I218","Amelia  (Hanover)","","F",1783,1810,"6","6",27.0642837991875,1037.11641641929
"I219","Adelaide Louisa Theresa","Princess","F",1792,1849,"6","7",105.123832446107,1014.06990257973
"I220","Charlotte Augusta Louis (Hanover)","","F",1819,1819,"6","7",90.5971652539562,970.733291873726
"I221","Elizabeth Georgiana Adelaid (Hanover)","","F",1820,1821,"6","7",67.4472148452073,973.500522282266
"I222","Twin-Boy 1 ","","M",1822,1822,"6","7",112.571504567731,967.936908914923
"I223","Twin-Boy 2 ","","M",1822,1822,"6","7",72.6167572166726,965.818679091005
"I224","Marie ","","F",1852,1923,"6","5",182.26482865157,893.995344854545
"I225","Christian IX ","King of Denmark","M",1818,1906,"5","4",-26.5131398004792,947.905480091798
"I226","Louise of Hesse-Cassel","Princess","F",1817,1898,"5","4",-42.0881351451799,947.867428027432
"I227","William George I of the Hellene (Oldenburg)","King of Greece","M",1845,1913,"6","3",72.0473674823283,888.653100554084
"I228","Olga Constantinovna","Princess","F",1851,1926,"6","3",106.003611029736,879.645099279647
"I229","Nicholas of Greece","Prince","M",1872,1938,"6","4",77.6314666017061,806.077464303149
"I230","Child 6 ","","M",1913,,"8","4",232.347500696724,685.205731763057
"I231","Child 5 ","","M",1894,,"8","4",237.646021382536,748.035628013102
"I232","Paul I  (Oldenburg)","King of Greece","M",1901,1964,"8","2",207.985106585672,698.992582130688
"I233","Helen of Greece","Princess","F",1896,1982,"8","4",240.087276907523,734.594634317166
"I234","Alexander I  (Oldenburg)","King of Greece","M",1893,1920,"8","4",254.780537582335,745.141214961716
"I235","Sumner M. (Kirby)","","F",1885,1945,"5.5","8",-1.99015173856888,763.444321343986
"I236","Child 2 ","","M",1902,,"6","5",49.0788763699187,721.806004905736
"I237","Child 3 ","","M",1902,,"6","5",60.9247679410845,720.093854892861
"I238","Louise Alexandra (Mountbatten)","Princess","F",1889,1965,"5.5","3",77.6520618338525,768.887228428784
"I239","Edward John VII (Spencer)","Earl of Spencer","M",1924,1992,"6","3",39.2116273867566,603.922236065282
"I240","Sarah  (Spencer)","Hon.","F",1955,,"6","4",52.6519739654366,482.900708829226
"I241","Jane  (Spencer)","Hon.","F",1957,,"6","4",58.1083200997269,475.403399575894
"I242","Charles  (Spencer)","Vicount Althorp","M",1964,,"6","4",44.1953083564925,439.579463742422
"I243","Raine of Dartmouth (McCorquodale)","Countess","F",1929,,"6","4",103.448617249956,598.454054593385
"I244","George Earl of Harewood (Lascelles)","Viscount","M",1923,,"6","4",61.618930197334,617.820731654268
"I245","Louise Marie d'Orleans","","F",1812,1850,"2.5","5",-318.148228387001,978.810221560152
"I246","Ludwig IX of Hesse- Darmstadt","Landgrave","M",1726,,"6.4","8",71.6661487986509,1113.4835344278
"I247","Frederick I of Wurttemberg","King","M",1754,1816,"5","6",-7.29743338486732,1076.48566512794
"I248","Frederica of Mecklenburg- Strelitz","Duchess","F",1778,1841,"8","6",278.032914893174,1037.70121499221
"I249","George V  (Hanover)","King of Hanover","M",1819,1878,"8","5",260.627442075659,961.331569314355
"I250","Mary of Saxe- Altenburg","Princess","F",1818,1907,"8","5",285.239631212731,955.595502106887
"I251","Ernest Augustus of Cumberlan (Hanover)","Duke","M",1845,1923,"8","4",260.244765508784,893.330405207295
"I252","Frederica  (Hanover)","","F",1848,1926,"8","6",288.928057109303,906.941258922166
"I253","Mary  (Hanover)","","F",1849,1904,"8","6",303.596188413966,909.332372360539
"I254","Thyra of Denmark","Princess","F",1853,1933,"8","4",200.403498761019,879.899174277535
"I255","Marie Louise (Hanover)","","F",1879,1948,"8","5",266.826910883495,806.759339105934
"I256","George William (Hanover)","","M",1880,1912,"8","5",242.846220307564,807.5862181631
"I257","Alexandra  (Hanover)","","F",1882,1963,"8","5",240.472002480978,801.149054284901
"I258","Olga  (Hanover)","","F",1884,1958,"8","5",245.37022425472,795.189131617337
"I259","Christian  (Hanover)","","M",1885,1901,"8","5",243.041279084251,788.27907723731
"I260","Rene of Bourbon-Parma","Prince","M",1898,,"8","7",248.902543175632,713.874636197136
"I261","Alfons  (Pawel-Rammingen)","Baron von","M",1843,1932,"8","7",272.234837449316,912.9100440039
"I262","George of Cambridge","Duke","M",1819,1904,"6","5",28.1729974249603,965.76521955159
"I263","Sarah (Louisa) (Fairbrother)","","F",1815,1890,"6","6",0.706975669624943,967.100379913071
"I264","George  (FitzGeorge)","","M",1843,1907,"6","6",59.931849177173,908.001996994893
"I265","Adolphus ","","M",1846,1922,"6","6",-11.0612875948097,918.665243783641
"I266","Agustus ","","M",1847,1933,"6","6",-5.14488858852644,911.975668295117
"I267","Rosa  (Baring)","","F",1843,,"6","7",107.717749408997,900.449939735811
"I268","Son 1 ","","M",1868,,"6","7",84.4310394379453,846.690783432027
"I269","Dau. 1 ","","F",1868,,"6","7",137.813158420072,848.217978116157
"I270","Dau. 2 ","","F",1868,,"6","7",62.8819905183286,852.159763049079
"I271","Frederick William","Grand Duke","M",1819,1904,"6","6",161.50333630045,954.664876198907
"I272","Adolphus Frederick V","Grand Duke","M",1848,1914,"6","6",147.523392171041,896.066346221035
"I273","Elisabeth of Anhalt","Princess","F",1857,1933,"6","7",135.091567215219,868.741770047903
"I274","Son 1 ","","M",1878,,"6","7",154.556341939975,810.349889196714
"I275","Son 2 ","","M",1878,,"6","7",142.112816967852,810.819454218084
"I276","Dau. 1 ","","F",1878,,"6","7",132.098765396417,806.489254320556
"I277","Dau. 2 ","","F",1878,,"6","7",170.91976359678,811.399093481069
"I278","Adolphus 2nd","Duke of Teck","M",1868,1927,"6","4",52.9482726330104,839.723049092938
"I279","Francis ","Prince","M",1870,1910,"6","4",95.1844112524428,845.031771454599
"I280","Alexander George of Teck","Earl of Athlone","M",1874,1957,"6","4",110.746446756369,813.671324324288
"I281","Margaret  (Grosvenor)","Lady","F",1873,1929,"6","5",38.9473035071037,803.790955007108
"I282","George of Cambridge","Marquess","M",1895,,"6","5",59.3368483814739,747.378774490937
"I283","Son 2 ","","M",1896,,"6","5",22.1949793333224,745.55535070862
"I284","Mary ","Lady","F",1897,,"6","5",12.7010341407661,737.581745653616
"I285","Helena ","Lady","F",1899,1969,"6","5",45.5745744426491,733.209092887111
"I286","Edward II ","King of England","M",1284,1327,"6","21",106.826206362312,1477.12111401504
"I287","Rupert ","Vicount Trematon","M",1868,1928,"6","5",149.807347418145,831.197780910238
"I288","Son 2 ","","M",1904,,"6","5",129.902932638053,716.017249140391
"I289","May Cambridge","Lady","F",1906,,"6","5",116.036672882361,700.052691193728
"I290","William Frederick of Gloucester","Duke","M",1776,1834,"6","7",168.553807374899,1046.55049134597
"I291","Gerald  (Lascelles)","Hon.","M",1924,,"6","4",32.1290588520041,617.038806625017
"I292","Marion (Maria) Donat (Stein)","Countess","F",1926,,"6","5",78.8758425940089,598.163556079043
"I293","David  (Lascelles)","Viscount","M",1950,,"6","5",85.466487893366,493.227849907964
"I294","James  (Lascelles)","Hon.","M",1953,,"6","5",46.9023889880283,489.954416034108
"I295","Jeremy  (Lascelles)","Hon.","M",1955,,"6","5",115.857537866548,479.596900595632
"I296","Angela  (Dowding)","","F",1919,,"6","5",10.4316033880373,626.931162542706
"I297","Henry  (Lascelles)","","M",1953,,"6","5",26.1621927033984,500.469073195354
"I298","William of Hesse-Cassel","Landgrave","M",1787,1867,"5","5",-63.1419274460868,1019.21671169621
"I299","Louise Charlotte of Denmark","Princess","F",1789,1864,"5","5",-102.319517897304,1019.26756249461
"I300","Other issue ","","M",1813,,"5","6",-98.3252405489832,975.387088249967
"I301","Frederick of Hesse-Cassel","Landgrave","M",1747,1837,"6","5",17.7267315236027,1085.14260567896
"I302","Caroline of Nassau- Usingen","Princess","F",1762,1823,"6","5",-17.4746062001648,1062.27025365499
"I303","Alexander of Wurttemberg","Duke","M",1804,1885,"6","4",99.4392589509421,988.875813660901
"I304","Claudine ","Countess Rhedey","F",1814,1841,"6","4",127.255835270162,967.975515223181
"I305","Claudine ","Princess of Teck","F",1836,1894,"6","5",114.840396850164,930.564711078294
"I306","Amelie ","Princess of Teck","F",1838,1893,"6","5",161.036011692925,923.632250205257
"I307","Paul  (von Hugel)","Baron","M",1835,1897,"6","6",143.403432649499,921.479111719066
"I308","Paul  (von Hugel)","Count","M",1872,1912,"6","6",164.223016176727,831.884679432347
"I309","Ferdinand I of Hohenzollern- Sigmaringe (Hohenzollern)","King of Romania","M",1865,1927,"8","6",129.241298099188,832.029679001162
"I310","Christian Victor","","M",1867,1900,"5.5","6",-85.0322114524597,852.747180838295
"I311","Albert of Schleswig- Holstein","Duke","M",1869,1931,"5.5","6",-67.5727176352131,848.942204431213
"I312","Helena Victoria","Princess","F",1870,1948,"5.5","6",-79.6201084053519,840.36185087407
"I313","Frederick Harold","","M",1876,1876,"5.5","6",-55.0072927695693,821.626150890073
"I314","Patricia  (Tuckwell)","","F",1923,,"6","5",42.8567322922741,611.0411455771
"I315","Mark  (Lascelles)","Hon.","M",1964,,"6","5",47.3975001148758,457.076934318483
"I316","Elizabeth Collingwood (Colvin)","","F",1924,,"6","5",-0.239810709775499,606.530985062278
"I317","Davina Elizabeth Alic (Windsor)","Lady","F",1977,,"6","5",64.1239806098969,393.882139167579
"I318","Rose Victoria Birgitt (Windsor)","Lady","F",1980,,"6","5",70.3363938631544,373.415152427959
"I319","Marie-Christine  (von Reibnitz)","Baroness","F",1945,,"6","5",67.3128109326649,511.763338768519
"I320","Frederick  (Windsor)","Lord","M",1979,,"6","5",63.2365285066339,384.395896663898
"I321","George II  (Hanover)","King of England","M",1683,1760,"6","7",36.9952758036826,1163.03563285922
"I322","Caroline of Ansbach","","F",1683,1737,"6","7",46.6143096733937,1162.00786053406
"I323","Frederick Louis (Hanover)","Prince of Wales","M",1701,1751,"6","6",49.7934295485246,1138.24022084429
"I324","Anne  (Hanover)","Princess Royal","F",1709,1759,"5.5","7",4.67380841289125,1133.54643690619
"I325","Amelia Sophia Eleano (Hanover)","","F",1711,1786,"6","8",27.7097934310621,1133.2884110193
"I326","Caroline Elizabeth (Hanover)","","F",1713,1757,"6","8",72.1447945531409,1135.37803052026
"I327","Son ","","M",1716,1716,"6","8",83.7973518373634,1133.49651738311
"I328","George William (Hanover)","","M",1717,1718,"6","8",39.193479764066,1125.43626210337
"I329","William Augustus of Cumberlan (Hanover)","Duke","M",1721,1765,"6","8",61.9059742063614,1123.1685537175
"I330","Mary  (Hanover)","","F",1723,1772,"6","6",52.655980571405,1117.53890488937
"I331","Louisa  (Hanover)","","F",1724,1751,"5","7",-68.7189964206526,1118.63365003991
"I332","Augusta of Saxe-Gotha","","F",1719,1772,"6","6",46.6462624723292,1119.87610212622
"I333","Augusta  (Hanover)","","F",1737,1813,"6","7",-14.003263986697,1108.20988414848
"I334","Edward Augustus (Hanover)","Duke of York","M",1739,1767,"6","7",87.7647804452856,1105.75419235534
"I335","Elizabeth Caroline (Hanover)","","F",1741,1759,"6","7",70.2187966847364,1102.83705616711
"I336","Edward Henry of Glouceste (Hanover)","Duke","M",1743,1805,"6","7",115.050901643136,1103.17496329462
"I337","Henry Frederick of Cumberlan (Hanover)","Duke","M",1745,1790,"6","7",88.4550510683034,1096.87487792184
"I338","Louisa Anne (Hanover)","","F",1749,1768,"6","7",73.9970199900264,1092.66399830626
"I339","Frederick William (Hanover)","","M",1750,1765,"6","7",65.6572011175096,1085.59391345634
"I340","Caroline Matilda (Hanover)","","F",1751,1775,"6","7",-18.1195286943757,1086.59691255262
"I341","George I  (Hanover)","King of England","M",1660,1727,"6","8",107.582933827605,1186.48269052726
"I342","Sophia Dorothea of Celle","","F",1666,1726,"6","8",86.3328109509805,1178.16771241965
"I343","Sophia Dorothea (Hanover)","","F",1687,1757,"6.4","9",145.908883892261,1157.84578423686
"I344","Frederick V ","King of Denmark","M",1723,1766,"5","7",-133.343083077114,1115.16283664405
"I345","Frederick William of Schleswig-","Duke","M",1785,1831,"5","5",-53.4099807627515,1017.41017149298
"I346","Louise Caroline of Hesse-Cassel","Princess","F",1789,1867,"5","5",-77.4427433391796,1015.17408345779
"I347","Alexander of Hesse and the Rhine","Prince","M",1823,1888,"6","4",158.768202509195,944.062927261695
"I348","Julia of Battenberg (von Hauke)","Princess","F",1825,1895,"6","4",191.565690938005,939.722260909917
"I349","Louis II of Hesse and the Rhine","Grand Duke","M",1777,1848,"6","5",48.265959981741,1027.3603514159
"I350","Wilhelmina of Baden","Princess","F",1788,1836,"6","5",51.7931624630124,1004.00909642935
"I351","John Maurice (von Hauke)","Count","M",1770,1830,"6","5",205.350595010644,1044.92704670547
"I352","Sophie  (la Fontaine)","","F",1771,1831,"6","5",181.726785978687,1040.99955858583
"I353","Constantine Nikolaievitch of Russia","Grand Duke","M",1827,1892,"6","4",104.396677468836,937.127075382656
"I354","Elizabeth Alexandra of Saxe-","Princess","F",1830,1911,"6","4",122.820378071393,930.052897554236
"I355","Joseph of Saxe- Altenburg","Duke","M",1808,1868,"6","5",122.95974776192,983.04692821171
"I356","Amalie of Wurttemberg","Duchess","F",1788,1848,"6","5",94.5265347637897,1016.46782427554
"I357","Charles of Hesse","Prince","M",1809,1877,"6","5",54.2293462312971,979.189747086935
"I358","Elizabeth of Prussia","Princess","F",1815,1885,"6","5",61.1063513167885,966.383089859989
"I360","William Charles Augustu (Cavendish-Bentin)","Lord","M",1766,1826,"6","4",80.2606854283613,1051.493216724
"I361","Anne  (Wellesley)","","F",1815,1875,"6","4",141.107276568946,974.252555515447
"I362","Edwyn  (Burnaby)","","M",1807,1867,"6","4",4.06243781284707,985.014028394028
"I363","Anne Caroline (Salisbury)","","F",1821,1881,"6","4",16.2873158570018,957.810105834179
"I364","Oswald  (Smith)","","M",1803,1863,"6","4",185.067379506724,985.000906880586
"I365","Henrietta Mildred (Hodgson)","","F",1803,,"6","4",168.960642206249,985.895799915801
"I366","Albert Edward Joh (Spencer)","Earl of Spencer","M",1892,1975,"6","4",101.69731840595,746.919743340602
"I367","Cynthia Elinor Beatri (Hamilton)","Lady","F",1897,1972,"6","4",59.0839996547188,733.37402271042
"I368","Edmund Maurice (Burke Roche)","Baron Fermoy","M",1885,1955,"6","4",42.8897999713568,766.476605901861
"I369","Ruth Sylvia (Gill)","","F",1908,,"6","4",67.2311281054715,678.28922356834
"I370","James Boothby (Burke Roche)","Baron Fermoy","M",1851,1920,"6","5",5.92234733582602,889.119197545717
"I371","Frances Ellen (Work)","","F",1857,1947,"6","5",59.6881652193456,872.076946851301
"I372","Frank  (Work)","","M",1819,1911,"6","6",125.501093668618,957.720445169059
"I373","Ellen  (Wood)","","F",1831,1877,"6","6",77.743463987612,938.841740279105
"I374","John  (Wood)","","M",1787,1847,"6","7",53.5488709123844,1015.42866638922
"I375","Ellen  (Strong)","","F",1803,1863,"6","7",117.330801488613,987.118771934406
"I376","John  (Work)","","M",1794,,"6","7",123.698188370771,1007.86859307163
"I377","Sarah  (Boude)","","F",1794,,"6","7",160.410591166581,1001.5096412081
"I378","Edmund  (Burke Roche)","Baron Fermoy","M",1815,1874,"6","6",-12.9925119054966,971.398689428231
"I379","Elizabeth Caroline (Boothby)","","F",1821,1897,"6","6",-13.6713944794019,955.361972143653
"I380","James Brownell (Boothby)","","M",1790,1850,"6","7",-5.76535874646241,1012.23447012257
"I381","Charlotte  (Cunningham)","","F",1833,1893,"6","7",-41.9989851993771,934.894789439365
"I382","Edward  (Roche)","","M",1795,1855,"6","7",-2.38299832209344,1005.3032386029
"I383","Margaret Honoria (Curtain)","","F",1802,1862,"6","7",31.1056336757693,994.435026336484
"I384","James Albert Edwar (Hamilton)","Duke of Abercorn","M",1869,1953,"6","5",25.3117799797298,835.455915482472
"I385","Rosalind Cecilia Carolin (Bingham)","Lady","F",1869,1958,"6","5",99.0725986990264,832.401013153161
"I386","James  (Hamilton)","Duke of Abercorn","M",1838,1913,"6","6",-15.4036828108254,923.968629609712
"I387","Mary Anna (Curzon-Howe)","Lady","F",1848,1929,"6","6",-38.4322082562582,895.412394615098
"I388","George  (Bingham)","Earl of Lucan","M",1830,1914,"6","6",173.553830504845,933.048373534267
"I389","Cecilia Catherine (Gordon-Lennox)","Lady","F",1838,1910,"6","6",170.927057181952,920.641455182396
"I390","William Smith (Gill)","","M",1865,1957,"6","5",70.7690972515005,848.705999090422
"I391","Ruth  (Littlejohn)","","F",1879,1964,"6","5",113.547282834153,798.271129512173
"I392","Alexander Ogston (Gill)","","M",1833,1908,"6","6",48.2630190669911,931.562673112734
"I393","Barbara Smith (Marr)","","F",1843,,"6","6",12.30335514019,922.001589682091
"I394","David  (Littlejohn)","","M",1841,1924,"6","6",80.7800105904112,907.928774186994
"I395","Jane  (Crombie)","","F",1843,1917,"6","6",129.950358900918,906.287587807572
"I396","Charles Robert (Spencer)","Earl of Spencer","M",1857,1922,"6","5",150.546173628082,873.888724708266
"I397","Margaret  (Baring)","Hon.","F",1868,1906,"6","5",123.477106901283,836.65840977845
"I398","Frederick  (Spencer)","Earl of Spencer","M",1798,1857,"6","6",176.378956475501,991.168892882516
"I399","Adelaide Horatia Elizabet (Seymour)","","F",1825,1877,"6","6",181.859414369408,949.08649178559
"I400","Edward Charles (Baring)","Baron Revelstoke","M",1828,1897,"6","6",140.387218577242,931.44150040055
"I401","Louisa Emily Charlott (Bulteel)","","F",1839,1892,"6","6",119.767896911581,919.422763222544
"I402","Augusta of Schleswig- Holstein-","","F",1858,1921,"8","4",341.223399622377,853.759187058446
"I403","Bernard of Saxe- Meiningen","","M",1851,1928,"8","6",303.777584880166,895.01112190941
"I404","Adolphus of Schaumburg- Lippe","","M",1859,1916,"8","6",360.136913416001,865.648083599175
"I405","Constantine I  (Oldenburg)","King of Greece","M",1868,1923,"8","3",208.65345481864,827.096613698867
"I406","Frederick Charles of Hesse","","M",1868,1940,"8","6",329.852185179938,838.230707223531
"I407","Victoria of Schleswig- Holstein","Princess","F",1884,,"5.5","7",-65.3683746059145,779.922043477876
"I408","Irene  (Denison)","Lady","F",1890,1956,"8","6",312.833404047687,746.659144442776
"I409","Alfonso XIII ","King of Spain","M",1886,1941,"8","3",304.527871663516,765.270091679767
"I410","Louise of Mecklenburg- Strelitz","","F",1776,1810,"6.4","6",122.754417007637,1032.14937991978
"I411","Frederick William IV","King of Prussia","M",1795,1861,"5.5","7",-25.3540790739992,1012.18868090157
"I412","William I of Germany","Emperor","M",1797,1888,"8","5",231.298451256823,999.451287093869
"I413","Frederica ","","F",1799,1800,"6.4","7",88.633053486453,1003.07565172233
"I414","Charles ","","M",1801,1883,"6.4","7",150.436806832997,995.045404902612
"I415","Charles ","","M",1766,1806,"6","9",-10.0673189294967,1056.84857976063
"I416","Ferdinand ","","M",1804,1806,"6.4","7",112.59921745286,991.411381185057
"I418","Albert of Prussia","Prince","M",1809,1872,"6.4","7",110.167784209512,983.657245341678
"I419","Hermine of Reuss","Princess","F",1887,1947,"8","5",332.567382747308,771.837278965098
"I420","William ","Crown Prince","M",1882,1951,"8","5",318.735182307848,770.971742852975
"I421","Eitel Frederick","","M",1883,1942,"8","5",317.116341533125,788.564458914682
"I422","Adalbert ","","M",1884,1948,"8","5",333.878400425539,786.782994958477
"I423","Augustus William","","M",1887,1949,"8","5",356.522271980418,780.470458129528
"I424","Oscar ","","M",1888,1958,"8","5",348.16314860546,772.739658808285
"I425","Joachim ","","M",1890,1920,"8","5",343.092452860635,763.383779375286
"I426","Victoria Louise of Prussia","","F",1892,1980,"8","3",316.457358570575,734.376872873681
"I427","Augusta of Saxe-Weimar","","F",1811,1890,"8","5",250.533866584457,974.445049561386
"I428","Louise ","","F",1828,1923,"8","6",252.270291182105,943.192465048424
"I429","Frederick of Baden","Grand Duke","M",1826,1907,"8","7",293.935078352034,942.218808527826
"I430","Alphonso of Cavadonga","Count","M",1907,1938,"8","4",291.199936796711,699.830359883455
"I431","Don Jamie","","M",1912,,"8","4",296.794119160172,678.57069543811
"I432","Don Juan of Spain","","M",1913,,"8","2",318.534979073608,662.324789644972
"I433","Beatrice ","","F",1909,,"8","4",270.461196866701,688.788133833719
"I434","Maria de las Mercedes of Bourbon","Princess","F",1910,,"8","2",350.738490941587,667.345644134899
"I435","Juan Carlos","Prince","M",1938,2014,"8","1",316.700810293539,548.858229101269
"I436","Marie (Mignon) (Hohenzollern)","","F",1900,1961,"6","7",153.875830954836,710.944099433974
"I437","Elizabeth of Romania (Hohenzollern)","Princess","F",1894,1956,"8","5",196.059195509558,748.111289025764
"I438","Carol II  (Hohenzollern)","King of Romania","M",1893,1953,"8","5",218.312420974238,742.027760633274
"I439","George II  (Oldenburg)","King of Greece","M",1890,1947,"8","4",236.663771274582,761.254750871008
"I440","Alexander I of Yugoslavia","King","M",1888,1934,"8","7",206.654269700062,745.482616755414
"I441","Sophia of Greece (Oldenburg)","","F",1938,,"8","1",263.314173937996,549.570781694719
"I442","Helen ","","F",1963,,"8","2",304.587593252328,452.082297357237
"I443","Christine ","","F",1965,,"8","2",299.920720299456,441.654817090758
"I444","Philip of Asturias","King of Spain","M",1968,,"8","0",288.888888888889,413.633483493381
"I445","Gustav Adolf","Prince","M",1906,1947,"7","1",135.649481791715,667.79326397297
"I446","Erik of Vastmanland","Duke","M",1889,1918,"5.5","4",-59.1256511752705,764.452126761319
"I447","Sigvard Oscar Fredrik","Count of Wisborg","M",1907,,"5.5","3",-42.129576940384,685.808093306706
"I448","Bertil Gustaf Oscar","Prince of Sweden","M",1912,,"5.5","3",-22.12338220093,671.507306058399
"I449","Carl Johan Arthur","Count of Wisborg","M",1916,,"5.5","3",-29.3217177358905,651.206792057709
"I450","Olav V ","Prince","M",1903,1991,"5","1",-110.738865286261,696.917157016537
"I451","Martha of Sweden","Princess","F",1901,1954,"5","1",-136.116492932386,705.645987645598
"I452","Harald ","King of Norway","M",1937,,"5","0",-57.7777777777778,558.30923788461
"I453","Sonja  (Haraldsen)","Crown Princess","F",1937,,"5","1",-100.3639779931,539.957342699218
"I454","Martha Louise","Princess","F",1971,,"5","1",-84.1775425484059,413.514493293816
"I455","Haakon of Norway (Magnus)","Crown Prince","M",1973,,"5","1",-80.8352242272146,389.12190031283
"I456","Gustav V ","King of Sweden","M",1858,1950,"5.5","3",-82.5033490424046,864.169690699582
"I457","Victoria of Baden","Sweden","F",1862,1930,"5.5","3",-27.0840473121325,851.411733193122
"I458","Oscar II ","King of Sweden","M",1829,1907,"5","3",-154.159407801151,927.174921559372
"I459","Sophia ","Queen of Sweden","F",1836,1913,"5","3",-118.322790030787,919.689297552654
"I460","Eleonore of Solms- Hohensolms-Lich","Princess","F",1871,1937,"6","5",57.0452310223516,804.877568709587
"I461","George Donatus of Hesse","Grand Duke","M",1906,1937,"6","4",46.0963134282311,687.209918828355
"I462","Louis ","","M",1908,1968,"6","6",52.1702527477516,690.431958218239
"I463","Cecilie of Greece (Mountbatten)","Princess","F",1911,1937,"6","3",52.7184705209654,665.969067706904
"I464","Margaret  (Campbell-Geddes)","Hon.","F",1913,,"6","7",3.38244745249921,662.283205905377
"I465","Christopher  (Oldenburg)","","M",1888,1940,"6","4",115.892765780601,769.434994367555
"I466","George  (Oldenburg)","","M",1869,1957,"6","4",24.3222208035412,825.442772883281
"I467","Olga ","","F",1873,,"6","4",95.3657506949142,824.923762504316
"I468","Michael  (Hohenzollern)","King of Romania","M",1921,,"8","5",238.22906954019,617.583447238818
"I469","Anne of Bourbon-Parma","Princess","F",1923,,"8","6",251.976803605461,606.031454239244
"I470","Frederica of Hanover (Hanover)","Princess","F",1917,1981,"8","2",220.325857170108,643.245597531616
"I471","Constantine II  (Oldenburg)","King of Greece","M",1940,,"6","3",-1.02659900039463,541.601637195247
"I472","Anne-Marie of Denmark","","F",1946,,"4","2",-151.497923350056,528.065158537847
"I473","Aspasia  (Manos)","","F",1896,1972,"8","5",299.357571951952,731.543164937854
"I474","Alexandra of Greece","Princess","F",1921,,"8","5",266.346373731133,630.310708148016
"I475","Peter II of Yugoslavia","King","M",1923,1970,"8","6",225.937245032642,624.921505127629
"I476","Sophia ","","F",1914,,"6","3",99.7613346942234,662.127119553851
"I477","Gottfried of Hohenlohe- Lagenburg","Prince","M",1897,1960,"6","4",73.1362285862848,724.691733264296
"I478","Five children ","","M",1926,,"6","4",73.3599251846443,613.748748327552
"I479","Berthold of Baden","Margrave","M",1906,1963,"6","4",37.293335357392,675.51864963736
"I480","Four Children ","","M",1931,,"6","4",31.8537374292534,596.398588567469
"I481","Christopher of Hesse","Prince","M",1901,1944,"6","4",128.495848673245,709.076934829364
"I482","George William of Hanover","Prince","M",1915,,"6","4",77.0165727485982,646.350885281105
"I483","Eight children ","","M",1940,,"6","4",60.4479069743573,550.97743873236
"I484","Ludwig of Wurttemberg","Duke","M",1771,,"6","5",44.8355336829349,1044.89934971269
"I485","Henriette ","","F",1771,,"6","5",16.8827842475772,1044.18585689103
"I486","Alexander of Bulgaria","Prince","M",1857,1893,"6","5",182.145745021531,878.800385232785
"I487","Francis Joseph","","M",1861,1924,"6","5",178.567114782909,866.759239666475
"I488","Gustav Ernst of Erbach-Schonb","Prince","M",1840,1908,"6","6",204.104164877516,917.42895502429
"I489","Johanna  (Loisinger)","","F",1865,1951,"6","6",181.85807674392,851.785112030308
"I490","Anna of Montenegro Princess","","F",1861,,"6","6",117.0553641805,860.782563864501
"I491","Alexandra Alexandrovna (Romanov)","","F",1842,1849,"6","7",56.6790529112394,921.753869477661
"I492","Nicholas Alexandrovich (Romanov)","","M",1843,1865,"6","7",-4.33142034922519,921.934411709575
"I493","Louis III of Hesse","Grand Duke","M",1806,1877,"6","6",-39.0230094590393,987.154815865789
"I494","Edwina  (Ashley)","Hon.","F",1901,1960,"6","5",176.231098813292,700.626343017478
"I495","Mathilde ","Princess","F",1813,1862,"3.5","7",-344.402871125439,984.692371766936
"I496","Frederica of Hesse- Darmstadt","","F",1753,,"8","7",352.814855950372,1079.59060151504
"I497","Henry ","","M",1838,1900,"6","6",25.5368615714349,924.956526984778
"I498","William ","","M",1845,1900,"6","6",39.346329136368,915.445563236391
"I499","Anna ","","F",1843,1865,"6","6",68.5062116709851,916.168072015927
"I500","Patricia  (Mountbatten)","Lady","F",1924,,"6","5",123.619262193384,618.711219969276
"I501","Pamela  (Mountbatten)","Lady","F",1929,,"6","5",161.212712162475,601.013997408095
"I502","Nadejda ","Countess","F",1896,1963,"6","5",26.7730249546745,729.011087428455
"I503","Tatiana Elizabeth (Mountbatten)","Lady","F",1917,,"6","5",59.8436404993771,652.342231915953
"I504","David of Milford Haven (Mountbatten)","Marquess","M",1919,1970,"6","5",98.6735297552775,634.121692208782
"I505","John Knatchbull (Ulick)","Lord Brabourne","M",1918,,"6","6",71.1913047525464,634.122077501932
"I506","Five children ","","M",1946,,"6","6",59.4779078394963,527.066696696437
"I507","David  (Hicks)","","M",1928,,"6","6",142.228557512321,595.47830727683
"I508","Two Children ","","M",1954,,"6","6",165.537886592545,489.267121103938
"I509","Iris  (Mountbatten)","Lady","F",1920,,"8","6",309.047820480669,636.478238526374
"I510","Auguste  (von Harrach)","","F",1800,1873,"6.4","7",127.693156029684,995.558960005927
"I511","Daughter Stillborn","","F",1798,,"6.4","7",101.150789426874,1001.58720606313
"I512","Frederick ","","M",1833,1834,"4.5","6",-93.2755782188046,938.61690426412
"I513","Rosalie of Hohenau (von Rauch)","Countess","F",1820,1879,"6.4","8",53.6346671435014,961.529638324933
"I515","Paul Frederick","Grand Duke","M",1800,1842,"9","5",367.911396887645,994.860796721541
"I516","Marie of Saxe-Weimar- Eisenach","","F",1808,1877,"6.4","8",200.733392264117,981.435054065125
"I517","Caroline of Zweibrucken","","F",1726,,"6.4","8",105.369521881539,1117.12341007268
"I518","Cecilie of Mecklenburg- Schwerin","","F",1886,1954,"8","6",323.79415194938,749.003550002378
"I519","William ","","M",1906,1940,"8","6",332.884119331083,695.460682167621
"I520","Louis Ferdinand of Prussia","Prince","M",1907,,"8","6",249.936892371462,668.774992642308
"I521","Hubertus ","","M",1909,1950,"8","6",372.018121902888,681.117671274638
"I522","Frederick ","","M",1911,1966,"8","6",287.257403201502,664.572808393326
"I523","Alexandrine ","","F",1915,1980,"8","6",360.07996504533,667.407120489136
"I524","Cecilie ","","F",1917,1975,"8","6",333.497377812595,661.261358588603
"I525","Dorothea  (von Salviati)","","F",1907,1972,"8","7",286.94291632746,681.567210141461
"I526","Dau. 1 ","","F",1932,,"8","7",322.232037898131,592.081456164439
"I527","Dau. 2 ","","F",1932,,"8","7",305.631235435929,591.017870988409
"I528","Kira of Russia","Grand Duchess","F",1909,1967,"6","7",180.089792401881,664.487987038586
"I529","Louis XIII ","King of France","M",1601,1643,"4.33333333333333","12",-129.013169851113,1239.97568540825
"I530","Joanna of Austria","Arch Duchess","F",1548,,"4.33333333333333","14",-244.12814479721,1274.53635487664
"I531","Francesco I of Tuscany Italy","Grand Duke","M",1548,,"4.33333333333333","14",-220.909755806695,1276.60679766509
"I532","Alice de Courtenay","","F",1163,,"6","24",101.223111096155,1541.28878428285
"I533","Aymer of Angouleme (Taillefer)","Count","M",1163,,"6","24",86.94696620309,1540.59392324464
"I534","Dau. 2 ","","F",1933,,"8","7",229.762852132902,589.257565452517
"I535","Dau. 3 ","","F",1933,,"8","7",244.543473840739,588.332714276546
"I536","Maria-Anna  (von Humboldt)","","F",1916,,"8","7",384.094423770139,651.370384839881
"I537","Magdalene  (Reuss)","","F",1920,,"8","7",383.806141379966,627.279680567692
"I538","Dau. 1 ","","F",1940,,"8","7",383.637243117428,554.635753399648
"I539","Dau. 2 ","","F",1940,,"8","7",368.855557988982,557.989224957686
"I540","Brigid  (Guinness)","Lady","F",1920,,"8","7",262.310975689245,621.094609239098
"I541","Son 1 ","","M",1940,,"8","7",283.67563351974,559.462095518782
"I542","Son 2 ","","M",1940,,"8","7",291.902124250296,553.925313710903
"I543","Son 3 ","","M",1940,,"8","7",262.11967278661,560.321360457795
"I544","Dau. 1 ","","F",1940,,"8","7",275.755733454887,557.216566918687
"I545","Dau. 2 ","","F",1940,,"8","7",303.865763402257,556.103204280569
"I546","Clyde  (Harris)","","M",1917,,"8","7",276.908845911102,646.331486167255
"I547","Sophie Charlotte","","F",1879,1964,"8","6",371.366321243064,798.13503836819
"I548","Adelheid of Saxe- Meiningen","","F",1891,1971,"8","6",292.809898100062,753.793684272198
"I549","Alexandra of Schleswig-","","F",1887,1957,"8","6",406.153926002906,766.889718370449
"I550","Ina Maria (von Bassewitz)","","F",1888,1973,"8","6",379.679646452587,758.014109310819
"I551","Marie Auguste of Anhalt","","F",1898,1983,"8","6",373.720101511735,726.63538613054
"I552","Ernest Augustus of Brunswic (Hanover)","Duke","M",1887,1953,"8","3",285.298373935574,747.431254279483
"I553","Frederick William II","King of Prussia","M",1744,1797,"6.4","7",148.550948847133,1092.29848054211
"I554","Elizabeth Christine of Brunswick","","F",1746,1840,"6.4","8",105.349930194951,1087.40946797772
"I555","Frederica Charlotte of Prussia","Princess","F",1767,1820,"6","7",114.523684548619,1062.517019151
"I556","Frederica of Hesse- Darmstadt","","F",1751,1805,"6.4","7",137.763683271392,1086.00967771601
"I557","Christine ","","F",1772,1773,"6.4","8",136.089711630105,1049.35919819046
"I558","Louis ","","M",1773,1796,"8","7",234.254144799199,1052.81932287996
"I559","Wilhelmina ","","F",1774,1837,"6","6",128.845013712904,1042.7563439487
"I560","Son Stillborn","","M",1772,,"6.4","8",145.879428976711,1049.86514694818
"I561","Augusta ","","F",1780,1841,"6.4","8",108.988991309892,1038.83756795301
"I562","Charles ","","M",1781,1846,"6.4","8",119.537227108628,1038.61692531633
"I563","William ","","M",1783,1851,"6.4","8",145.235627814519,1032.94701060768
"I564","Charles of Mecklenburg- Strelitz","Grand Duke","M",1753,,"8","7",324.294800263496,1078.73378005815
"I565","William I of Netherlands","King","M",1772,1843,"6","6",114.100417350372,1046.05998480505
"I566","William II of Hesse","Elector","M",1780,,"6.4","9",30.0575293341336,1028.82961521652
"I567","Maria Anna of Hesse","","F",1785,1846,"6.4","9",86.9975591062255,1025.93128697353
"I568","Augustus William","","M",1722,1758,"6.4","8",181.887557794965,1116.39936797979
"I569","Louise of Brunswick","","F",1722,1780,"6.4","8",157.83431275751,1118.42263435575
"I570","Frederick Henry Charles","","M",1747,1767,"6.4","9",169.325821508742,1091.77561506193
"I571","Wilhelmine ","","F",1751,1820,"6.4","9",186.326792324318,1083.85535879878
"I572","George Charles Emil","","M",1758,1759,"6.4","9",131.422274985148,1080.24910758801
"I573","William V of Orange","","M",1751,,"6.4","10",230.507936016028,1083.57769465437
"I574","Charles Christian of Nassau-Weilb","Prince","M",1735,1788,"5.5","6",-40.4592137860669,1100.15294795935
"I575","Caroline ","","F",1743,1787,"5.5","6",-19.3991011297055,1095.47581429654
"I576","Friedrich Wilhelm of Nassau-Weilb","Prince","M",1767,,"5","5",-67.4335754120754,1058.69022974927
"I577","Unknown ","","F",1767,,"5","5",-80.4850477421084,1054.40987388442
"I578","Wilhelm of Nassau","Duke","M",1792,1839,"5","4",-50.5469654647337,1001.01599410497
"I580","Adolphe of Luxembourg","Grand Duke","M",1817,1905,"5","5",-119.755724205981,958.343580118732
"I581","Unknown ","","F",1817,,"5","6",-168.935187032212,958.345929913499
"I582","Guillaume IV of Luxembourg","Grand Duke","M",1842,,"5","6",-161.465929542152,915.356916369719
"I583","Unknown ","","F",1842,,"5","7",-179.440349084508,911.31121449614
"I584","Charlotte of Luxembourg","Grand Duchess","F",1867,,"5","7",-179.238891117271,845.356843934698
"I585","Unknown ","","M",1867,,"5","8",-153.487986044481,837.1940111615
"I586","Jean of Luxembourg","Grand Duke","M",1892,,"5","8",-165.254038951808,756.208040087528
"I587","Marie-Josephe de Saxe","","F",1705,,"8","14",352.608676469442,1130.17682975414
"I588","Vladimir Cyrilovitch (Romanov)","Grand Duke","M",1917,,"5.5","7",15.342128288032,653.505547990077
"I589","Leonide Bagration- Moukhransky","Princess","F",1914,,"5.5","8",-5.61451267058071,647.912103354828
"I590","Gaston ","Duke of Orleans","M",1608,1660,"4.33333333333333","14",-207.430082246874,1237.68010214092
"I591","James ","Duke of Segovia","M",1908,1975,"8","4",298.732015588481,694.612245412553
"I592","Dona Maria of Bourbon","","F",1937,,"8","3",342.005674141451,571.898607769649
"I593","Margarite ","Crown Princess","F",1939,,"8","3",350.851559340983,560.307478353932
"I594","Alphonso ","Crown Prince","M",1941,1956,"8","3",339.21672340449,552.767616065052
"I595","Maria ","","F",1796,,"6","6",-60.794740386475,1001.77922961863
"I596","Isabella  (Marshal)","Lady","F",1200,1240,"6","25",-101.780592973086,1516.99319057139
"I597","Charles of Sweden","Prince","M",1861,1951,"5","2",-168.549361185905,841.183854524579
"I598","Ingeborg of Denmark","","F",1878,1958,"5","2",-171.846040094771,795.406236889028
"I599","Astrid of Sweden","Princess","F",1905,1935,"2.5","2",-285.18845977444,695.416912407478
"I600","Leopold III ","King of Belgium","M",1901,1983,"2.5","2",-333.354309915524,695.651732252943
"I601","Baudouin I of the Belgians","King","M",1930,,"2.5","3",-318.337311772243,600.843818932917
"I602","Sibylla of Saxe-Coburg","","F",1908,1971,"7","1",183.374923464506,652.848990856475
"I603","Carl XVI Gustav","King of Sweden","M",1946,,"7","0",173.333333333333,514.229893720621
"I604","Frederick VIII ","King of Denmark","M",1843,1912,"4.5","3",-153.390724485906,896.645773133693
"I605","Louise of Sweden","","F",1851,1926,"4.5","3",-189.644798558869,883.709044854789
"I606","Christian X ","King of Denmark","M",1870,1947,"4","2",-208.567403786825,821.771618161979
"I607","Alexandrine of Mecklenburg- Schwerin","","F",1879,1952,"4","2",-230.014499742423,789.965251143759
"I608","Frederick IX ","King of Denmark","M",1899,1972,"4","1",-193.944624161089,704.345159289662
"I609","Alexia  (Oldenburg)","","M",1965,,"4","3",-137.518044711085,441.035565451807
"I610","Mergrethe II ","Queen of Denmark","F",1940,,"4","0",-173.333333333333,545.601202302703
"I611","Johann Georg II of Anhalt-Dessau","Prince","M",1633,1693,"5.5","10",-2.96334386580852,1213.67606205342
"I612","Unknown ","","F",1633,,"5.5","10",16.4540916310673,1210.80797832228
"I613","Leopold I of Anhalt-Dessau","Prince","M",1658,,"5.5","11",26.5188413890224,1186.44966720073
"I614","Henriette Amalie","","F",1661,,"5.5","9",-22.070210306665,1182.07639384177
"I615","Heinrich Kasimir of Nassau-Dietz","Prince","M",1661,,"5.5","9",-45.1696117089131,1184.45715476602
"I616","John William of Orang (Friso)","Prince","M",1686,1711,"5.5","8",-89.6742631235018,1155.90034661416
"I617","Mary Louise","","F",1688,1765,"5.5","8",-129.60689338073,1149.09406987958
"I618","William IV of Orange","Prince","M",1711,1751,"5.5","7",-40.5467463943509,1130.88128804421
"I619","Charlotte Amalia","","F",1710,1777,"1","8",-296.581092910611,1130.3491205828
"I620","Friedrich of Baden-Durlach","Prince","M",1703,1732,"1","8",-412.671815954388,1138.67403449298
"I621","Karl Friedrich of Baden","Grand Duke","M",1732,,"1","7",-390.311166122004,1106.42330682955
"I622","Unknown ","","F",1732,,"1","7",-416.732694324857,1104.79282977854
"I623","Karl Ludwig of Baden","Prince","M",1751,,"1","6",-300.543828251429,1080.68991244747
"I624","Unknown ","","F",1751,,"1","6",-262.46871477905,1079.4924758007
"I625","Karl of Baden","Grand Duke","M",1776,,"10","6",184.986357488789,1046.05110440105
"I626","Caroline of Baden","","F",1776,1841,"1","5",-416.865347359044,1042.16950780169
"I627","Unknown ","","F",1776,,"10","6",384.920134706705,1042.30181435558
"I628","Marie ","","F",1801,,"10","5",424.28970888631,1000.25015105598
"I629","William Alexander of Hamilton","Duke","M",1801,,"10","5",488.026540203324,994.258290527556
"I630","Mary ","","F",1826,,"10","4",497.554207169828,946.829057140407
"I631","Albert I of Monaco","Prince","M",1826,,"10","4",535.154023950631,943.361297563682
"I632","Louis II of Monaco","Prince","M",1851,,"10","3",527.620562330593,883.538810910442
"I633","Unknown ","","F",1851,,"10","3",509.401902813191,872.853350576604
"I634","Charlotte ","","F",1924,,"10","2",520.600012532667,631.777477326137
"I635","Pierre  (de Polignac)","Prince","M",1924,,"10","2",528.931340327909,604.885812526061
"I636","Rainier III of Monaco","Prince","M",1949,2005,"10","1",522.501420204638,507.296051833338
"I637","Maximilian I Joseph (Wittelsbach)","King of Bavaria","M",1756,1825,"1","5",-451.928678759567,1070.87958023688
"I638","Sophie (twin) (Wittelsbach)","","F",1805,1872,"1","4",-480.951232912961,989.352331013851
"I639","Franz Karl of Austria","Archduke","M",1802,1878,"1","4",-516.985928265956,989.796622738659
"I640","Otto Franz","Archduke","M",1865,1906,"1","4",-535.511443871344,849.760863118256
"I641","Elisabeth Amalia","Archduchess","F",1878,1960,"1","2",-547.879712925392,802.745810315025
"I642","Maria Josepha of Saxony ","Princess","F",1867,1944,"1","5",-510.893301377865,832.344967524313
"I643","Karl I of Austria","Emperor","M",1887,1922,"1","5",-527.502005718139,768.524168033814
"I644","Zita of Bourbon-Parma ","Emperess","F",1892,1989,"1","6",-549.60628091632,745.197416098054
"I645","Otto of Austria","Archduke","M",1912,2011,"1","6",-540.528949259507,675.213223850547
"I646","Karl Ludwig","Archduke of Austria","M",1833,1896,"1","3",-533.336350008113,921.171732512041
"I647","Maria Annunciata ","Princess","F",1843,1871,"1","3",-545.404491493086,900.645474426257
"I648","Aloys of Liechtenstein","Prince","M",1878,,"1","2",-569.272873295693,786.906033873527
"I649","Franz Joseph II of Liechtenstein","Prince","M",1906,1989,"1","1",-558.824918706019,673.142539030618
"I650","William V of Orange","Prince","M",1748,1806,"6","7",38.978964261722,1091.28399684154
"I651","Wilhelmina ","","F",1751,1820,"6","7",82.2424389667374,1081.05848083101
"I652","William II of Netherlands","King","M",1792,1849,"9","5",299.994978592867,1007.95978813189
"I653","Frederik of Netherlands","Prince","M",1797,1881,"4.5","5",-38.9625543878179,999.384124473066
"I654","Anna Pavlovna","","F",1795,1865,"9","5",355.468768221356,1007.78743483027
"I655","William III of Netherlands","King","M",1817,1890,"9","4",382.015884854546,956.781915320367
"I656","Emma of Netherlands","Queen Regent","F",1858,1934,"9","4",344.730253383014,879.978804368127
"I657","Wilhelmina of Netherlands","Queen","F",1880,1962,"9","3",418.717290038071,800.801025063315
"I658","Henry of Mecklenburg","Duke","M",1876,1934,"9","3",437.96611973432,812.711451306856
"I659","Juliana of Netherlands","Queen","F",1909,,"9","2",437.841903194408,671.615751694279
"I660","Bernhard of Lippe- Biesterfeld","Prince","M",1911,,"9","2",440.525262650296,649.735931371528
"I661","Beatrix of Netherlands","Queen","F",1938,,"9","1",442.001332892274,549.83642748077
"I662","Unknown ","","F",1658,,"5.5","12",-7.62487736172059,1182.53370655118
"I663","Leopold II of Anhalt-Dessau","Prince","M",1683,,"5.5","12",-17.7064012660012,1164.16647324045
"I664","Unknown ","","F",1683,,"5.5","13",-59.644059591303,1157.08431820215
"I665","Agnes ","","F",1708,,"5.5","13",-58.5095221125368,1134.20737371331
"I666","Johann  (Just)","Baron von Loen","M",1708,,"5.5","14",-74.3047334444031,1130.59653504766
"I667","Agnes ","","F",1733,,"5.5","14",-58.1318109236547,1103.98444369064
"I668","Ernst von Seherr-Thoss","Count","M",1733,,"5.5","15",-79.7032831242709,1109.06892210128
"I669","Hermann von Seherr-Thoss","Count","M",1758,,"5.5","15",-62.734477772218,1074.71963411255
"I670","Unknown ","","F",1758,,"5.5","16",-49.8415659741238,1074.55132100116
"I671","Marguerite ","","F",1783,,"5.5","16",-41.836084420056,1030.0174235087
"I672","Lajos Apponyi de Nagy-Appony","Count","M",1783,,"5.5","17",-73.5695121116724,1035.95537727144
"I673","Cyula Apponyi de Nagy-Appony","Count","M",1808,,"5.5","17",-68.630977532716,989.287371238359
"I674","Unknown ","","F",1808,,"5.5","18",-79.6339072892168,981.365887590154
"I675","Geraldine ","","F",1833,,"5.5","18",-72.9845836257404,932.616784516879
"I676","Zog I of Albania","King","M",1833,,"5.5","19",-106.768410866241,930.502827413061
"I677","Leka I of Albania","King","M",1858,,"5.5","19",-98.3268008714748,873.642652283798
"I678","Karl of Austria","Archduke","M",1808,,"8","6",332.776083743331,980.017011668613
"I679","Henriette ","","F",1808,,"8","6",301.270347858398,979.554888130063
"I680","Karl Ferdinand","","M",1833,,"8","5",332.22545705798,927.002639889439
"I681","Unknown ","","F",1833,,"8","5",310.954365816266,925.787483111459
"I682","Maria Cristina of Austria","Queen of Spain","F",1858,1929,"8","4",325.478236106912,865.411637460477
"I683","Alfonso XII ","King of Spain","M",1857,1885,"8","4",309.517389710574,870.514700328161
"I684","Joseph of Austria","Archduke","M",1796,,"6","7",-111.376350991332,996.24658375083
"I685","Elisabeth of Austria","Archduchess","F",1824,,"3.5","7",-242.685714389769,953.454988728155
"I686","Ferdinand of Austria-Este","Archduke","M",1824,,"1","7",-405.662256135091,952.197803289253
"I687","Maria Theresa","","F",1849,1919,"1","6",-439.024407802181,895.924425506186
"I688","Ludwig III  (Wittelsbach)","King of Bavaria","M",1845,1921,"1","6",-514.363246027056,902.781694081237
"I689","Rupprecht of Bavaria","Crown Prince","M",1869,1955,"1","5",-476.879316213139,804.794274250886
"I690","Maria Gabriele of Bavaria","","F",1878,1912,"2","5",-433.057189294799,796.036944665087
"I691","Albrecht (Albert)","Duke of Bavaria","M",1905,,"1","4",-473.324951066824,694.180943691484
"I692","George of Denmark","Prince","M",1653,1708,"5","12",-132.582106470176,1186.98671647351
"I693","Anne  (Stuart)","Queen of England","F",1665,1714,"5","13",-107.191207125116,1180.16729764116
"I694","Daughter ","","F",1684,1684,"5","13",-94.5557063272552,1162.95937010576
"I695","Mary ","","F",1685,1687,"5","13",-154.243091057,1167.46390261793
"I696","Anne Sophia","","F",1686,1687,"5","13",-167.96500450656,1162.47378898995
"I697","Son ","","M",1687,1687,"5","13",-140.94114696286,1162.25810373517
"I698","William of Gloucester","Duke","M",1689,1700,"5","13",-156.160531102753,1156.2434487674
"I699","Mary ","","F",1690,1690,"5","13",-140.888237350315,1153.36615565583
"I700","George ","","M",1692,1692,"5","13",-106.253323316452,1153.29463897822
